pH,TEMPERATURA (°C),CONDUCTIVIDAD ELÉCTRICA (µS/cm),NITRATOS (mg N-NO3/l)
6.6,,73.9,0.06
6.7,,67.9,0.03
6.8,,69.5,0.06
7.1,,62.2,0.023
6.9,,71.7,0.12
6.8,,85.8,0.05
6.9,,82.6,0.04
6.8,,90,0.05
7.1,,81.4,0.04
7,,89.1,0.022
7.2,,110.6,0.01
7.3,,127.3,0.068
7.1,,139,0.018
7.4,,13.7,0.018
7.3,,130.6,0.047
7.3,,153.6,0.018
7.4,,156.9,0.038
7.8,,157.9,0.058
7.4,,153.6,0.042
6.6,,84,0.03
6.5,,73.9,0.038
7.1,,50,0.06
6.9,,72.8,0.1
7.3,,0.45,0.022
7.2,,15.1,0.042
7.2,,3.1,0.05
7.2,,82.2,0.05
7,,88.5,0.07
7,,,0.1
6.8,,121.2,0.098
7,,113.4,0.038
7.5,,164.3,0.03
7.1,,127,0.038
6.6,,116.3,0.05
6.6,,122.4,0.13
6.7,,117,0.14
6.8,,140,0.22
6.7,,137,0.18
6.5,,84,0.02
6.7,,83.4,0.01
7.1,,82,0.02
7.1,,83.4,0.02
7.3,,92.5,0.02
6.8,,319.5,0.03
7,,,0.16
7,,115.8,0.05
7.1,,123.7,0.02
7,,111.8,0.078
7.2,,,0.062
6.6,,161.6,0.018
7,,134,0.01
7.1,,151.5,0.13
7.1,,160,0.16
6.9,,110,0.18
7.1,,95.9,0.01
6.6,,156.6,0.07
7,,163.2,0.02
6.9,,156.4,0.022
7.5,,145,0.1
6.6,,150,0.05
7.1,,,0.12
6.9,,,0.28
6.6,,130,0.058
6.8,,,0.09
6.6,,215.4,0.04
6.8,,100,0.038
6.7,,82,0.122
6.8,,82.8,0.03
7,,72.6,0.03
7.2,,101.2,0.06
6.8,,64.4,0.022
6.8,,64.4,0.058
6.8,,88,0.082
7.5,,98,0.14
6.9,,98,0.12
7,,102.3,0.1
6.9,,111.2,0.092
7,,115.7,0.06
6.9,,115.7,0.07
7,,115.7,0.12
7,,177.3,0.08
7.6,,141.4,0.18
7.5,,160.3,0.22
7.7,,160.3,0.24
7.1,,174.8,0.31
6.9,,64,0.048
6.8,,82,0.13
6.9,,72,0.12
7,,76,0.068
6.8,,68,0.11
6.8,,78,0.178
7.1,,110.4,0.005
7,,88.4,0.08
7,,104.6,0.11
7,,99.9,0.061
7,,115,0.086
7,,120.7,0.1
7,,120.7,0.166
6.8,,113.3,0.17
7.2,,184,0.105
7.1,,177.3,0.05
7,,161.4,0.12
7,,161.4,0.1
6.8,,170.2,0.14
6.7,,,0.064
6.5,,113.2,0.076
6.4,,99,0.083
6.6,,93.2,0.057
7.1,,92,0.005
7.5,,101.2,0.003
6.6,,99.8,0.028
6.9,,108.8,0.024
7.2,,108.8,0.037
6.9,,127,0.034
7.2,,127,0.071
7,,145.1,0.077
7,,136,0.074
7.1,,,0.295
7.1,,186.6,0.251
7.1,,186.9,0.225
7.1,,195.8,0.324
6.5,,,0.086
6.8,,,0.118
7.1,,,0.118
6.3,,113.2,0.172
6.4,,108.4,0.139
7,,113.3,0.06
6.9,,,0.146
7.1,,145.9,0.4
7.1,,128.6,0.06
7.1,,144,0.08
7,,148.8,0.04
7.1,,144,0.14
7,,,0.067
7.3,,,0.146
7,,124.2,0.062
6.7,,,0.11
6.8,,165.6,0.003
7.1,,211.6,0.004
7,,213.2,0.049
7.1,,199.5,0.049
7.2,,204.1,N.D
6.8,,,0.096
6.8,,,0.108
7,,,0.102
7,,,0.07
7,,,0.067
7.3,,147.2,0.111
6.7,,,0.162
6.7,,,0.04
6.7,,,0.07
6.8,,,0.048
6.8,,,0.04
7,,,0.076
7.3,,,0.3
7.3,,,0.3
7.3,,,0.07
6.7,,,0.04
7.3,,,0.22
7.3,,,0.032
7.4,,,0.05
7.3,,,0.07
6.4,,,
6.7,,75,0.171
6.6,,75,0.206
6.6,,85,0.27
6.1,,105,0.203
6.4,,104,0.257
6.4,,111,0.241
6.4,,120,0.398
6.5,,114,0.187
6.3,,113,0.143
6,,70.5,0.099
6.1,,72,0.038
6.5,,66,0.029
6.3,,70,0.076
6.5,,73,0.155
6.3,,69,0.159
6.4,,69,0.149
6.5,,76,0.219
6.9,,82,0.181
6.5,,91.5,0.229
6.4,,100,0.216
6.4,,108,0.279
6.3,,100,0.165
6.4,,109,0.213
6.6,,110,0.054
6.5,,110,0.124
6.6,,115,0.184
6.6,,115,0.08
6.7,,115,0.118
6.4,,90.4,0.086
6.1,,90.4,0.121
6.4,,79.1,0.127
6.5,,75.4,0.092
6.5,,71.6,0.019
6.3,,75,0.016
6.6,,113.2,0.007
6.5,,92.1,0.165
6.5,,108.9,0.111
6.4,,102.7,0.108
6.5,,112,0.187
6.5,,116.9,0.105
6.6,,138,0.08
6.5,,130.7,0.067
6.1,,8.3,0.083
6.2,,8,0.07
6.6,,7.5,0.019
6.6,,73.5,0.067
6.8,,76.9,0.143
4.2,,105.5,0.007
6.8,,87.8,0.187
6.5,,99.2,0.254
6.4,,112.6,0.114
6.5,,111,0.124
6.7,,147.3,0.121
6.7,,147,0.162
6.6,,144,0.057
6.7,,161.6,0.08
6.9,,146.1,0.067
6.8,,168.5,0.092
7,,182.9,0.171
7,,129.7,0.191
7,,153.4,0.241
6.8,,190,N.D
6.1,,190,N.D
6.6,,160,0.003
7,,160,N.D
6.5,,170,0.064
6.8,,89.5,0.038
6.9,,92.4,0.07
6.7,,123.2,0.127
7,,113,0.181
7.1,,128.1,0.21
7.2,,140.4,0.057
7.2,,158.3,0.022
7.4,,150.8,0.038
7.1,,143.2,0.073
7.4,,143.2,0.067
6.8,,170,0.102
6.6,20,53.3,0.035
6.6,20.5,61.5,0.045
6.4,19,74,0.048
7.1,20,65.9,0.064
6.8,23,69.6,0.073
6.9,20,87,0.076
6.6,0,261.7,0.371
7,21,107.8,0.089
6.8,21,105.5,0.083
7.4,23,110,0.051
7.2,23.8,133.5,0.032
7,24,256.3,0.06
6.8,22,145.2,0.19
6.9,23,145.2,0.17
6.4,21,159.7,0.05
6.9,22,152.5,0.29
6.8,20.2,90,0.127
6.4,20.2,94,0.13
6.7,16,86.9,0.108
6.8,20.3,89.2,0.092
7,18,86,0.07
7,18,86.5,0.079
7.2,22,0,0
7.3,20,130,0.079
7,23,85.5,0.288
6.8,0,148.9,0
7,0,163.4,0.044
6.8,,179.9,0.103
6.8,24,149.2,0.273
6.9,24,165,0.52
6.8,23.8,158,0.446
6.8,24,149.2,0.52
6.1,14,94.3,0.125
6.3,14,104.6,0.125
5.3,20.3,79.8,0.014
6.9,15,72,0.147
6.06,20.4,62,0.081
7,23,87,0.014
6.8,0,103.2,0.076
6.8,22,111.1,0.195
6.6,21,123.7,0.269
7.2,20,111.6,0.299
6.8,24,153,0.166
7.5,24.5,161.6,0.28
6.9,25,150,0.284
6.8,25,155,0.354
7.7,26,145.87,0.351
5.98,18,128,0.2511
6.5,21,74.5,0.166
6.8,21,73.4,0.151
7,20.5,69.9,0.133
7,21,73.4,0.118
7.1,18,89.6,0.089
7.2,18,94.3,0.066
6.8,18,190.5,0.174
7,16,92,N.D.
6.7,16,115,0.089
7.3,24,113.2,0.314
7.2,24,122.6,0.166
7.1,24,122.6,0.155
7.2,25,141.4,0.174
7.2,25,122.6,0.118
7.3,18,142.8,0.181
7.6,18,137.7,0.318
7.1,18,158.1,0.159
7.8,18,137.7,0.181
7.7,18,132.6,0.329
6.2,12,87.25,0.148
7,14,59.79,0.114
7,16,77.84,0.192
7.3,,80.44,0.1
6.4,16,98.9,0.214
7.2,17,109.9,0.225
6.8,16,219.8,0.207
7,20,118.3,0.196
6.9,20,122.4,0.081
6.9,20,130.6,0.129
6.9,16,159.6,0.199
7,16,170.2,0.181
7,15,189.54,0.233
7.5,15,159.6,0.417
7,16,163.2,0.17
7,16,173.4,0.303
7.5,16,173.4,0.391
7.9,16,173.4,0.358
7.6,16,163.2,0.502
6.7,14,102,0.202
6.8,14,102,0.177
7.8,16,102,0.13
6.7,14,102,0.294
7,15,102,0.195
6.8,16,111.1,0.217
7.1,20,343.4,0.075
7.2,18,112.2,0.0213
6.5,,163.2,0.181
6.7,8,142.8,0.177
6.9,20,142.8,0.235
6.8,21,141.4,0.239
7.2,21,141.4,0.308
6.9,22,173.4,0.246
7,,166.4,0.159
7.4,,166.4,0.341
7.3,,180,0.432
6.8,,166.4,0.669
7.3,,186,0.414
6.1,,127.7,0.086
6,,126.4,0.068
6.6,15,127.7,0.097
6.8,,104.3,0.119
7.2,15,85.3,0.173
7.1,15,138.3,0.195
7.1,,157.9,0.177
7.1,18,110.2,0.316
4.1,20,163.2,0.2
7.3,20,122.4,0.232
7.3,18,142.8,0.297
6.9,18,204,0.268
7.2,18,153,0.297
7,18,142.8,0.228
7,18,159.6,0.275
7.4,18,179,0.254
7.4,17,179,0.48
7.1,16,212.8,0.297
7,16,187.7,0.44
7.1,,727.2,0.06
6.9,18,112.2,0.312
7,18,122.4,0.275
6.7,20,105.6,0.24
6.8,20,86.2,0.24
7.1,18,84.2,0.16
7.2,21,82.2,0.195
7.1,19,84.2,0.19
6.8,23,99.8,0.17
7.2,23,107,0.115
7,24,119.7,0.166
6.8,26,145.1,0.147
7,25,146.9,0.191
7,,145.1,0.159
6.9,,191.7,0.13
6.9,,170.5,0.071
7.2,,169.7,0.33
6.9,22,197.2,0.47
7.5,22,198,0.63
7.6,22,188.6,0.82
7.4,22,188.6,0.79
7.5,20,188.6,0.84
6.6,20,78.3,0.213
6.5,20,68.5,0.148
7,20,68.5,0.556
6.7,20,68.5,0.188
6.7,22,78.3,0.166
7,20,94.7,0.21
6.9,20,105.3,0.19
6.8,20,127.68,0.15
6.9,20,136.9,0.14
7,20,147.4,0.16
7.1,22,75.4,0.192
7.2,22,84.9,0.476
7.2,22,94.3,0.181
7.3,22,94.3,0.421
7.2,22,156.6,1.62
7.5,22,156.6,0.658
7.8,22,166.4,0.181
7.9,22,166.4,0.228
7.8,22,176.2,1.86
6.5,20,94.3,0.118
6.6,20,94.3,0.243
6.2,20,84.8,0.417
6.6,21,84.8,0.523
6.4,21,75.4,0.162
6.6,22,146.9,3.74
6.8,22,88.1,2.53
7,20,75.4,0.29
7,22,47.2,0.297
7.3,22,75.4,0.337
7.1,,146.8,0.111
7.1,,146.8,0.097
6.9,,156.6,0.119
6.9,,146.8,0.148
7.5,24,160.3,0.344
7.5,24,169.7,0.04
7.4,24,160.3,0.337
7.3,24,169.7,0.396
7.1,24,169.7,0.417
6.8,20,75.4,0.049
6.5,20,78.3,0.082
6.7,20,68.5,0.126
6.7,20,68.5,0.1
6.7,21,68.5,0.169
6.6,22,94.3,0.297
7.1,22,94.3,0.199
6.6,23,103.7,0.17
7.2,,107.7,0.097
6.8,,117.5,0.177
6.6,24.5,141.5,0.202
6.5,24.5,141.5,0.257
6.6,24.5,150.9,0.118
6.5,25,150.9,0.162
7.2,22,51,0.224
7,22,127,0.767
6.7,21,113.4,0.574
6.8,22,108.8,0.59
6.6,22,108.8,1.18
6.5,22,80,0.177
6.7,22,80,0.195
6.8,22,84.9,0.07
6.6,23,113.2,0.213
6.6,24,122.6,0.184
7.1,22.1,103.7,0.118
7.1,22.5,108.4,0.312
7,22.4,115.2,0.188
6.8,22.3,108.4,0.345
7,22,84.9,0.14
6.7,22,84.9,0.28
6.5,20,62.9,0.149
6.5,20,72.4,0.114
6.6,20,67.4,0.133
6.6,20,62.3,0.128
6.4,22,82.2,0.171
6.6,20,72,0.074
6.8,18,78,0.104
6.7,18,76,0.16
6.7,18,82.1,0.161
6.7,18,78.9,0.077
6.6,18,89.8,0.154
6.5,18,91,0.118
6.6,18,100,0.181
6.5,19,98.3,0.234
6.6,13,116.7,0.097
7.2,13,118.8,0.173
6.4,13,119,0.397
7.3,13,113.8,0.329
6.8,13,118.9,0.371
7.2,21,83.2,0.1436
6.4,22,75.8,0.083
7,21,63.6,0.0722
7,22,66.7,0.1066
6.7,23,78.4,0.101
6.9,22,85.9,0.0641
6.9,22,92.6,0.0651
6.9,,97,0.0503
6.8,22,101.5,0.1056
6.7,22,105.9,0.2728
6.9,23,132.6,0.1521
7,23,141.9,0.1688
6.8,22,138.9,0.1835
6.9,22,136,0.3722
6.8,25,135,0.2437
6.8,23,154,0.1524
6.8,22,160.4,0.1331
6.9,22,169.5,0.3379
7,20,162.6,0.364
5.9,17,102.7,0.105
5.8,18,94.8,0.6771
6.1,18,88.4,0.2646
6.1,18,85,0.3078
6.4,20,82.4,0.1432
6.3,21,89.9,0.1753
6.5,21,94.2,0.1724
6.7,20,101.8,0.3389
6.6,21,113.6,0.1765
6.5,21,111.5,0.078
6.6,21,146.8,0.1544
6.5,22,148.8,0.2162
6.5,22,160.1,0.1553
6.5,22,166.7,0.1495
6.7,24,154.9,0.2057
6.5,24,169.9,0.4279
6.5,,179,0.2898
6.7,24,190.3,0.5499
6.6,23,189.9,0.4279
6.5,20,83.7,0.2738
6.4,21,75.6,0.1835
6.5,21,72.1,0.2738
6.5,20,72.1,0.5407
6.8,18,66.7,2.1036
6.7,22,89.3,1.5318
6.6,21,82.3,1.0038
6.3,20,84.2,0.54
6.3,20,90.6,0.5859
6.7,20,94.8,0.5816
6.6,20,127.7,0.5251
6.5,22,127.7,0.6141
6.5,18,115.8,1.0913
6.5,22,146,0.6324
6.9,24,134.4,1.1195
7.1,23,172.8,0.4009
7.4,23,163.2,1.1068
7.2,22,172.8,1.3369
6.2,22,168.3,0.8513
6.1,18,58.4,0.1921
6.2,18,62.6,0.2392
6.4,18,58.1,0.3045
6.4,18,62.6,0.1906
6.7,20,63.2,0.237
6.7,20,73.4,0.2727
6.7,20,75.5,0.2624
6.6,20,84.7,0.345
6.6,20,97.9,0.277
6.6,20.5,96,0.2688
6.7,20,113.4,0.2745
6.7,22,120,0.2499
6.7,22,125,0.3263
6.7,22,120,0.3299
6.9,22,117.5,0.2749
7,19,283.9,0.4374
7,20,129.2,0.3452
7.1,20,129.2,0.4045
7,20,127.3,0.4773
6.6,19.7,80,0.258
6.6,20.1,84,0.427
7,21.3,78.5,0.485
7,22,79.1,0.363
7,22,70,0.331
7.2,23,70,0.243
7.2,22,80,0.206
7.1,22,80,1.176
7,23,90,0.313
7,23,100,0.612
7,23,140,0.291
7,23,140,0.126
7.1,24,140,0.48
7.1,24,150,0.174
7.1,23,162.3,0.657
7,23,144.8,0.975
7.1,22,147.2,1.084
6,23,148.1,1.3
6,24,179.3,0.82
6.2,22,61.1,0.208
5.8,23,78,0.197
6.3,23,66.7,0.246
6.3,23,67.1,0.277
6.6,25,68.7,0.503
7.8,23.5,96,0.569
7.4,23.6,99,0.502
7.1,24.2,109,0.568
6.9,24.4,125,0.54
6.7,24.7,133,0.499
6.9,25.2,147,0.394
7,25.5,159,0.656
7,26.2,167,0.318
6.8,26.3,165,0.469
7,28,166,0.435
7.1,26.5,177.7,0.562
6.7,26,176.3,0.584
7,27,195,0.729
6.8,25,134.4,0.517
7.1,26,132.9,0.435
7.1,26.3,138.1,0.41
6.9,26,144.7,0.449
6.9,26,168,0.381
6.9,27,166.9,0.369
6.9,27,209,0.216
7,27,280,0.156
7,27,176.3,0.206
7,26,,0.252
6.3,22.7,102,0.004
5.8,23,103.6,0.004
6.2,23,101.7,0.003
6.4,23,102.7,0.004
6.4,23.5,95.8,0.005
7.3,25,104.5,0.186
7.1,25.3,133,0.156
7,25.9,150,0.006
6.7,26.2,176,0.006
6.8,26.6,189,0.005
6.9,26.7,218,0.006
6.9,27.7,243,0.01
6.6,27.9,237,0.006
6.9,27.9,237,0.006
7.1,24.9,183,0.006
7.1,26.1,208,0.006
7.2,26.4,229,0.006
7.2,26.1,218,0.007
7.3,26.1,206,0.005
6.2,20,72.3,0.263
5.7,20,71.3,0.217
5.9,22,54.8,0.549
6.1,21,63.6,0.249
6.8,20,60.6,0.188
6.5,23,89.4,0.285
7.2,20,90.5,0.26
6.6,20,96.9,0.201
6.7,21,107.8,0.231
6.6,21,115,0.268
6.8,21,130.7,0.116
6.4,22,135.7,0.208
6.4,21,142.1,0.21
6.5,20,148.2,0.31
6.4,,164,0.275
6.5,24.2,174,0.332
7,24.4,179,0.287
6.4,24.6,171,0.423
7.4,24.5,1172,0.533
5.9,19,96,0.393
5.8,20,96.3,0.805
6.1,20,92.6,0.093
6.1,20,87.7,0.29
6.1,20,90.8,0.593
7.2,22.1,89.1,<0.0001
6.9,22.3,94.8,0.551
6.9,22.9,105.2,0.248
6.8,23.4,116.2,1.242
6.6,23.7,114.4,0.224
6.7,23.8,135.2,0.45
6.9,24,137.7,0.029
6.7,24.5,139.6,<0.0001
6.8,24.8,140.8,0.316
6.4,24,149.5,0.926
6.5,22,160.2,0.04
6.6,20,164.7,0.959
6.5,21,161.3,0.187
6.6,20,149.5,0.367
7.5,22.9,74,
7.3,22.9,74,
6.8,23.5,89,
7.1,23.3,95,
7.1,23,90,
7,22.9,110,
6.9,23.2,106,
7,23.6,96,
6.97,23.4,93,
7.1,22.4,69,
7.2,22.6,72,
7.3,22.9,80,
7.3,23.1,111,
7.2,22.8,91,
7.4,23,105,
7.1,2.5,108,
7.1,4.1,103,
7,2,103,
,20.8,63.3,0.19
,20.4,62.7,0.239
,20.3,57.5,0.241
,22.1,59.9,0.278
6.3,23.7,58.3,0.252
6.8,18,64.5,0.286
7,18,65.5,0.292
6.7,19,96.3,0.255
6.7,19,79.5,0.294
6.7,19,77.4,0.64
6.8,20,85.7,0.35
6.8,20,96.1,0.295
6.8,20,97.1,0.417
6.8,20,98.8,0.399
7.1,23,125,0.378
7.4,23.3,127,0.498
7.2,23.2,133,0.117
7.1,23.2,139,0.303
7,23.4,137,0.46
6.4,21,83.8,0.099
6.6,21.4,78.7,0.223
6.8,20.2,69.5,0.263
7.2,21.3,68.6,0.342
6.3,24.7,66.5,0.234
7.3,21.9,78,0.259
7.3,22.4,83,0.238
7.1,22.3,83,0.251
7.2,22.1,93,0.191
7.6,22.3,97,0.221
7.4,22,116,0.196
7.2,22.5,122,0.321
7.3,22.4,137,0.323
7.5,22.3,136,0.382
6.4,24.5,118,0.389
6.9,23.3,126,0.663
6.9,23.4,129,0.547
7.1,23,135,0.568
7.2,21.7,190,0.329
7.3,20.7,84.8,0.305
7.2,20.7,80.5,0.265
7.1,20.7,83.6,0.217
7.1,20.5,85,0.221
7.1,23.8,88.9,0.314
7.1,24,100,0.248
7.1,25.5,112,0.216
7.3,21,118,0.195
7.1,21,127,0.265
7.3,22,139,0.265
7.2,22,168,0.219
7.1,22,171,0.345
7.2,23,164,0.347
7.2,23,157,0.509
7.3,24,153,0.185
7.2,24,181,0.539
7.2,24,187,0.352
7.3,22,166,0.572
7.3,22,173,0.814
7.9,20.9,53,0.247
7.7,20.1,54,0.256
7.5,20.4,53,0.177
7.6,20.6,53,0.168
7.6,20.2,52,0.225
7.6,21.2,61,0.271
7.6,21.3,63,0.21
7.6,21,82,0.216
7.4,21,71,0.344
7.5,21,76,0.235
7.4,21,91,0.253
7.3,21,92,0.366
9.7,21,354,0.334
6.8,24,99,0.341
7,23.3,106,0.293
7.1,23.6,122,0.315
7.2,23.2,126,0.37
7,22.4,136,0.378
7.3,22.1,123,0.523
7.5,19,67,0.34
7.3,20,62,0.33
7.3,20,58,0.3
7.2,20,58,0.33
7.2,21,61,0.39
6.4,21.2,48,0.3
6.3,21.2,50,0.29
6.8,21.2,53,0.26
7,21.3,55,0.31
7,21.3,62,0.25
6.9,21.4,71,0.27
7,21.4,74,0.34
7,21.6,80,0.392
6.8,21.6,79,0.37
7.63,22.7,112,0.53
7.7,22.6,126,0.48
7.7,22.9,122,0.43
7.6,22.8,127,0.43
7.5,22.8,159,0.67
7.5,20,86,1.09
6.2,20,70,0.299
7.5,20,77,0.309
7.1,21,66,0.261
7.1,21,71,0.326
7.5,23,80,0.244
7.4,22,85,0.206
7.8,23,109,0.223
7.2,22,95,0.243
7.3,23,107,0.367
7.3,22,113,0.298
7.2,22,120,0.301
7.4,22,124,0.301
7.3,21,126,0.396
7.7,22,146,0.419
7.7,22,162,0.312
7.8,22,154,0.538
7.6,22,151,0.52
7.3,22,153,0.795
6.5,20,86,0.32
6.6,20,83,0.315
6.7,20,77,0.344
7.1,21,74,0.29
7.1,22,79,0.364
7,18,94,0.424
7,18,86,0.309
6.8,19,87,0.351
6.9,19,85,0.399
6.9,20,101,0.332
6.8,18,124,0.35
6.8,20,126,0.39
6.8,20,131,0.311
6.8,20,136,0.429
7.7,24.1,164,0.32
7.6,23.6,152,0.472
7.6,23.6,140,0.518
7.5,23.4,147,0.518
7.2,23,152,0.516
6.9,19,97.9,0.204
7.4,20,80.3,0.249
7.5,20,66.1,0.18
7.4,20,76.2,0.225
7.3,20,80,0.293
7.3,21,78.6,0.216
7.3,22,85.8,0.208
8.1,22.8,93,0.211
7.7,23,96,0.211
7.7,23,104,0.147
7.4,23.2,125,0.163
7.4,23.2,125,0.163
7.4,23.6,141,0.164
7.4,24.4,141,0.172
7.2,24,166,0.206
7.2,23.5,154,0.407
7.2,24.4,153,0.814
7.3,24,154,0.863
7.3,23.5,153,1.56
5.7,22.9,190,0.283
7.5,22.8,149,0.428
7.5,22.9,99,0.465
7.3,23.6,111,0.47
7.3,24,116,0.245
7.4,23.4,131,0.476
7.4,23.2,127,0.386
6.8,20.2,86,"<0,09"
6.6,20.3,85,0.261
7.1,21.3,84,0.116
7.5,22.1,87,"<0,09"
7.1,22.9,86,0.212
7.7,22.6,90,0.234
7.6,23.4,98,0.196
7.7,23.6,113,0.308
7.06,24.1,120,0.401
7.4,24.5,131,0.203
7.2,24.9,162,0.257
7.2,24.5,171,"<0,09"
7.2,24.5,167,0.132
7.5,24.5,159,0.144
7.43,22,146,0.484
7.4,23,176,"<0,09"
7.4,24,182,0.43
7.4,24,177,0.361
7.5,24,176,0.747
6.8,20,88.2,0.25
6.9,20,88.9,0.207
7.5,20,68.3,0.111
7.3,22,77.5,0.207
7.5,22,81.8,0.221
7.5,24,89,0.252
7.6,24.1,88,0.161
7.5,24.6,96,0.192
7.48,25.1,120,0.291
7.18,25.9,115,0.146
7.1,25.3,126,<0.09
7.1,25.4,135,"<0,09"
6.9,25.5,145,<0.09
7.1,26,146,<0.09
7.9,26.8,157,"<0,09"
7.8,26.6,165,0.211
8,26.7,158,0.717
7.8,26.7,186,0.377
8.2,25.2,164,0.364
6.9,17,97.4,2.02
6.7,18,89,0.245
7,19,85.4,0.157
7.1,20,87.5,0.167
7.1,19,101,0.148
7.3,20,108,0.26
7.2,20,119,0.258
7.2,21,119,0.332
6.94,21,154,0.235
6.9,21,138,0.205
6.87,21,164,0.104
6.9,22,166,"<0,09"
7,23,167,<0.09
7.3,23,101,0.099
7.3,24.2,177,"<0,09"
7.4,24.7,175,0.233
7.3,25.8,169,0.45
7.3,26.4,165,0.854
7.4,25.8,173,0.722
6.2,20.4,68,0.223
6.2,20.3,67,0.273
7,21.4,56,0.429
7.1,21.9,59,0.315
6.3,20,62,0.468
7.2,20,66,0.412
7.2,20,77,0.4
7.3,21,72,0.457
7.1,21,84,0.428
7.1,21,89,0.448
7.1,20,100,0.484
7,23,107,0.773
7,21,107,0.845
7,22,127,0.747
6.7,21.9,107,0.763
7.1,22.2,117,0.866
7,22.3,114,0.81
7,22.2,109,0.975
7.1,22.6,115,0.958
,6.72,80,0.253
,6.63,75,0.317
,6.7,71,0.191
,6.98,71,0.212
,7.53,72,0.248
,7.22,105,0.289
,7.01,107,0.222
,7.18,119,0.234
,7.01,144,0.184
,6.85,159,0.189
,6.58,181,0.056
,6.62,198,0.101
,6.8,207,0.094
,6.81,197,0.036
,6.92,165,0.125
,6.9,115,0.308
,6.95,116,0.263
,6.87,143,0.585
,7.04,160,0.776
7.15,21,65.9,0.331
6.7,20.8,65.3,0.302
7.16,21.2,59,0.245
7.36,21.6,73.8,0.577
7.14,23.5,79.8,0.593
7.22,24,61,0.373
7.25,25,64,0.302
7.27,25,66,0.256
7.04,25,74,0.385
6.75,26,76,0.254
7.08,26,90,0.22
7.01,26,97,0.233
7.09,27,98,0.212
7.12,27,93,0.286
7.32,26.2,140,0.516
7.2,24.2,143,0.686
7.3,24,138,0.122
7.48,24.6,147,0.427
7.2,22.8,164,0.622
6.68,15,30,0.241
6.6,15,49,0.133
7.02,15,47,0.177
7.2,16,46,0.19
7.03,17,49,0.169
6.19,23.1,115,0.283
7.1,23.2,121,0.174
7.05,24,122,0.172
6.79,24.2,144,0.172
6.86,24.4,149,0.221
6.97,24.7,157,0.325
6.81,25,171,0.108
6.75,25.2,175,0.064
6.68,25.4,173,0.072
6.79,25.6,151,0.21
6.89,24.9,147,0.517
6.77,25.3,153,0.385
6.76,25.4,147,0.608
6.22,25.3,283,0.357
6.37,20,106,0.318
5.76,19.8,103,0.11
7.08,21,100,0.218
6.54,21.4,98,0.106
7.98,22.2,97,0.323
7.26,20,140,1.05
7.24,20,146,1.53
7.15,20,145,0.348
7.08,22,164,0.348
7.01,22,169,0.41
7.1,22,190,0.273
7.1,23,197,0.246
7.05,23,183,0.281
7.2,23,178,0.153
6.95,24.5,162,0.389
6.86,25.1,171,0.702
6.5,25.3,180,0.407
6.76,25.8,171,0.471
6.38,25.2,191,0.074
6.87,22.1,102,0.096
6.78,21.7,105,0.168
7.1,22.1,92,0.064
7.12,22.4,92,0.079
7.28,23.4,95,0.168
7.25,20,126.3,0.22
7.1,20,132.2,0.219
7,,127.9,0.139
6.8,21,138.6,0.139
6.8,,148.6,0.215
6.82,23,168.1,0.205
6.8,23,183.3,0.109
6.8,24,166.7,0.84
6.88,24,160.5,0.165
6.96,26,143,0.397
7,24.6,145,0.499
6.97,25,144,0.461
6.94,25.1,134,1.324
6.94,26,164,0.307
6.82,29.3,79,0.349
6.8,20.8,80,0.504
7.02,21.5,72,0.353
7.12,21.4,74,0.336
7.24,23.2,80,0.452
6.96,19,103.9,0.405
7,19,108.3,0.486
6.95,20,113.2,0.376
7.08,20,114,0.4
6.92,20,130.2,0.367
6.95,20,150.3,0.333
6.97,20,157.2,0.472
7,20,156.9,0.448
7.1,21,158.1,0.465
7.28,24,153,0.562
7.15,23.5,154,0.737
7.18,23.9,159,0.866
7.22,23.8,153,0.836
7.18,23.2,140,0.819
6.52,19,84.7,"<0,4"
6.51,19,82.7,"<0,4"
6.99,20,68.5,"<0,4"
6.85,22,77.2,"<0,4"
7.12,22,77.7,"<0,4"
6.73,21,86.1,"<0,4"
6.72,21,95,"<0,4"
6.8,22,95.8,"<0,4"
6.69,6.7,105.2,"<0,4"
6.9,23,121.2,"<0,4"
6.5,23,120.5,"<0,4"
6.7,23,115,"<0,4"
6.7,23,131.2,"<0,4"
6.69,23,179.2,"<0,4"
7.11,24.5,156,"<0,4"
6.9,24.2,159,"<0,4"
7.01,24.1,151,"<0,4"
7.04,23.6,158,"<0,4"
7.25,23.9,152,"<0,4"
6.38,20.4,113.3,"<0,4"
6.43,20.5,99,"<0,4"
6.89,21.4,80.2,"<0,4"
6.94,21.4,85.3,"<0,4"
7.3,23.5,99.2,0.464
7.17,16,82.9,"<0,4"
7.03,17,91.6,"<0,4"
6.92,17,99.5,0.449
6.75,18,105.2,"<0,4"
6.78,18,107,0.474
6.85,18,114.5,0.577
6.91,18,149.5,"<0,4"
7.01,19,137.5,0.802
7.11,18,175.7,"<0,4"
7.52,22.9,123.9,"<0,4"
7.44,24.3,146.7,"<0,4"
7.4,24.6,152.4,"<0,4"
7.39,25.2,152,"<0,4"
7.33,23.8,135.5,"<0,4"
6.56,18,101.4,0.425
6.48,19,99.8,"<0,4"
7.2,18,93.2,"<0,4"
7.23,20,92.3,"<0,4"
7.25,22,100.4,"<0,4"
6.88,20,109.3,"<0,4"
6.8,22,109.5,"<0,4"
6.8,22,121.1,"<0,4"
6.74,22,141.9,"<0,4"
6.6,22,150.1,"<0,4"
6.66,23,161.7,"<0,4"
6.7,23,168.7,"<0,4"
6.7,23,161.2,"<0,4"
6.73,24,174.4,"<0,4"
7.02,27.1,175.9,"<0,4"
,26.8,4259,"<0,4"
7.02,27.2,186.2,"<0,4"
6.99,27.1,203.8,"<0,4"
6.63,26.6,176.5,"<0,4"
6.42,20.5,95.3,0.535
6.35,20.4,92.3,0.409
6.91,21,85.4,0.439
7.92,21.4,93.8,0.447
7.36,23.5,96.1,0.698
7.18,,98.3,1.261
7.22,,101.3,0.796
7.19,,106.9,1.036
7.19,,112.6,0.756
7.08,,123.8,0.873
7.09,,137.5,0.664
7.2,,149.1,0.843
7.12,,149.2,1.411
7.34,,145.5,1.807
7.19,22.5,140.2,0.862
7.29,23.1,137.6,1.027
7.23,23.5,146.7,1.272
7.22,23.7,168.2,0.751
7.3,22.2,117,1.031
6.758,20.7,78.3,"<0,4"
6.764,20.7,80.8,"<0,4"
7.3,20.9,70.1,"<0,4"
7.209,20.8,71.7,"<0,4"
7.323,21.6,78.8,"<0,4"
7.319,18,84.4,"<0,4"
7.39,18,86.4,"<0,4"
7.2,20,90.4,"<0,4"
7.16,20,97.5,"<0,4"
7.1,22,115.2,"<0,4"
7.013,21,128,"<0,4"
7,21,145.1,"<0,4"
6.98,20,127.5,"<0,4"
6.954,23,126.2,"<0,4"
7.186,23.1,145,"<0,4"
7.2,24.2,141.5,0.692
7.38,24.4,148,0.519
7.54,25,151.5,"<0,4"
7.19,25.4,160.5,0.718
7.37,20.8,80.8,"<0,4"
7.41,21.7,78.7,"<0,4"
7.54,21.8,73.1,"<0,4"
7.62,21.9,74.3,"<0,4"
7.54,22.4,75.4,"<0,4"
6.96,,96.8,"<0,4"
6.95,,100.5,"<0,4"
6.93,,115.2,"<0,4"
6.92,,130.5,"<0,4"
6.94,,122,"<0,4"
6.93,,151,"<0,4"
6.95,,159,"<0,4"
6.93,,176.5,"<0,4"
7,,172,"<0,4"
7.43,22.5,168.8,"<0,4"
7.43,23.1,185.7,"<0,4"
7.37,23.4,181.1,"<0,4"
7.36,24.7,194.5,0.462
7.38,22.9,171.8,0.52
7.03,20.4,95.9,"<0,4"
7.12,20.6,93.5,"<0,4"
7.19,21,96.6,"<0,4"
7.21,21.4,96.5,"<0,4"
7.25,21,93.7,"<0,4"
7.33,,107.9,"<0,4"
6.84,,127.9,"<0,4"
6.8,,127.7,"<0,4"
6.73,,137,"<0,4"
6.78,,141.9,"<0,4"
6.77,,161.7,"<0,4"
6.76,,167.4,"<0,4"
6.76,,181,"<0,4"
6.73,,187,"<0,4"
7.23,26.3,179.3,"<0,4"
6.85,25.9,180.7,"<0,4"
6.85,25.1,182,"<0,4"
6.85,25.6,182.5,"<0,4"
6.8,25.5,189,"<0,4"
6.17,21.4,106.1,"<0,4"
5.3,28.8,101.2,"<0,4"
5.99,20.8,95.6,"<0,4"
5.49,20.6,85.7,"<0,4"
6.33,21.4,77.6,0.401
5.65,20.5,91.3,0.436
5.65,21.2,106.9,0.451
6.21,21.6,119.7,0.519
6.32,21.6,120.1,0.687
6.39,21.7,118.4,0.473
6.81,21.9,132.7,"<0,4"
6.78,21.5,145.8,0.685
6.76,21.7,149.4,0.508
6.69,22.1,148.7,0.665
6.68,22.2,145.6,2.009
6.63,22.5,165.6,0.568
6.47,23,177.6,0.513
6.6,22.8,156.7,0.431
6.4,21.5,140.2,1.064
8.19,21.5,74.8,"<0,4"
8.06,21.1,75.9,"<0,4"
8.27,21.2,79.3,0.868
8.21,21.4,69.7,0.589
8.74,21.3,65.2,0.669
7.12,18,129.7,1.07
7.1,19,77.1,1.102
7.1,20,80,1.085
7.07,22,83,0.912
7.1,21,91.6,0.769
6.99,20,111.4,0.758
7.1,19,112.9,1.015
7.07,19,108.4,0.602
7.07,19,110.8,1.281
7.14,23.8,123.5,0.749
7.1,22.6,173,0.85
7.13,22.6,137.7,0.593
7.59,22.6,116.7,0.885
8,22,116.7,1.294
9,20,86.9,0.553
8.62,20,74.8,0.417
8.46,20.8,72.8,0.421
8.32,21.2,73.3,0.572
8.05,21.1,73,<0.4
7.23,16,83.8,0.528
7.21,18,84.6,0.444
7.16,18,93.1,0.782
7.04,18,97.2,0.541
7.01,20,108.3,0.614
7.1,20,121.9,0.584
7.12,20,120.5,0.696
7.09,20,120.8,0.703
7.02,20,180.4,0.619
8.71,23.7,128.4,0.616
8.1,23.4,163.5,<0.4
7.84,23.5,159.1,0.6
7.95,23.1,169.1,0.846
8.1,22.4,145.1,1.203
9.21,20.3,108.4,<0.4
8.8,20.4,97,<0.4
8.75,21.2,93.1,<0.4
8.65,21.5,89.9,<0.4
8.58,22.1,86.9,0.732
7.56,22,99.1,0.498
7.29,20,102.1,0.4
7.2,19,129.2,0.429
7.02,20,124.9,<0.4
6.96,21,131.4,0.471
7.05,19,145.5,0.402
7.1,21,150.8,0.415
7.3,22,165.8,0.426
7.3,21,211.3,<0.4
8.81,25.4,204.1,0.616
8.58,25.1,191.1,0.718
8.57,25.6,187,0.737
8.31,24.8,195.3,0.687
8.71,23.7,167.8,0.865
7.01,21.1,67.2,0.46
6.98,21.3,66.9,0.42
7.15,21.7,62.7,0.42
7.3,21.3,61.1,0.41
7.16,21.6,64.5,0.74
7.33,21,82.2,0.56
7.3,20,82.6,0.75
7.16,22,93.4,0.98
7.09,21,98.4,0.95
7.06,21,103.4,0.63
7.04,22,115.8,0.75
7.11,22,115.8,0.85
7.07,22,122.4,0.71
6.96,22,118.7,0.87
7.16,22.6,122.4,0.74
7.24,22.1,125.3,0.88
7.3,22.4,146.8,1.06
7.29,22.2,138.3,1.24
7.33,21.5,131,3.03
6.7,21.3,76,"<0,4"
6.68,21.2,76.4,"<0,4"
6.92,21.1,67.2,0.564
7.05,21.1,64.7,"<0,4"
6.98,20.9,69.6,0.421
7.1,21.3,80.5,0.64
7.02,21.5,82.2,0.513
7,21.8,89.9,0.448
7.03,22.1,98.3,0.562
7,22.2,105.2,0.421
7.11,22.2,118.4,0.445
7.1,22.1,111.2,0.469
7.05,23.1,129.2,0.493
6.96,22.7,131,1.017
7.92,24,156.7,0.937
7.3,24,138.8,0.882
7.17,24,132.7,0.653
7.86,23,149.6,0.659
7.2,23,143.6,0.727
6.97,20.6,62.2,"<0,4"
7.12,20.7,64.6,"<0,4"
7.25,21.4,59.6,"<0,4"
7.2,21,60.5,"<0,4"
7.23,20.9,60.6,"<0,4"
7.32,21.8,86.2,"<0,4"
7.25,21.9,43.7,"<0,4"
7.12,22.3,103.1,"<0,4"
7.18,22.8,113.2,"<0,4"
7.13,22.8,119.7,"<0,4"
7.27,23,150.8,"<0,4"
7.33,22.8,161.8,"<0,4"
7.22,23.4,181.7,"<0,4"
7.08,24.2,176.7,"<0,4"
7.25,23.8,163.8,"<0,4"
7.34,23.5,176.8,"<0,4"
7.63,23.7,181.8,"<0,4"
7.34,23.4,188.2,"<0,4"
7.44,22.7,145.9,0.596
6.69,20.5,91.9,"<0,4"
6.72,20.6,88.6,0.002
6.88,20.5,77.8,"<0,4"
6.92,20.4,70.3,"<0,4"
6.94,20.6,89.3,"<0,4"
6.98,21.7,80.6,"<0,4"
7.15,22,96.1,"<0,4"
7.05,22.3,106.5,"<0,4"
7.01,22.1,108.8,"<0,4"
7.04,21.7,116.5,"<0,4"
7.1,21.6,145.2,"<0,4"
7.14,22.1,148.5,"<0,4"
7.15,22.2,154.5,"<0,4"
7.11,22.3,151.7,"<0,4"
7.24,22.6,130,"<0,4"
7.27,22.8,153,"<0,4"
7.33,23.4,146.1,"<0,4"
7.33,23.2,149.9,0.44
7.39,22,126.7,"<0,4"
6.84,21.8,65.5,0.268
7.84,21.8,65.3,0.389
7.19,22.4,66.5,0.448
7.21,22.5,65.8,0.205
7.1,22.5,64.6,0.308
7.34,23.2,81.4,0.4
7.3,23.3,83.8,0.315
7.27,23.3,92.5,0.44
7.15,23.6,103,0.396
7.18,23.5,102,0.409
7.12,24.2,111,0.545
7.16,24.6,118,0.399
7.13,24.7,118,0.557
7.09,24.8,118,0.601
7.13,25.4,123,0.763
7.28,24.3,154,0.806
7.4,24.8,117,0.673
7.65,22.8,146,1.08
7.38,24.2,149,0.59
6.72,21.5,72.9,0.184
6.75,21.5,73.4,0.263
6.91,21.8,69.8,0.16
7.24,21.6,102,0.134
7.24,23.8,70.4,0.169
7.52,23.6,101,0.624
7.37,23.8,112,0.158
7.35,24.1,119,0.364
7.19,24.2,129,0.293
7.18,24.3,122,0.273
7.17,24.4,143,0.497
7.15,24.4,152,0.48
7.01,24.4,167,0.485
6.98,25.1,194,0.262
7.19,25.8,176,0.558
7.2,25.4,160,0.437
7.26,25.8,170,0.662
7.36,25.2,182,0.462
7.34,24.4,159,0.454
7.37,21.3,90.8,3.523
7.3,21.7,91,2.896
7.37,22.5,86.2,4.683
7.38,22.3,86.9,3.777
7.41,23.1,87.1,2.385
7.93,23.2,105,3.44
7.38,24,113,4.107
7.43,24.2,111,2.736
7.39,24.6,125,3.433
7.36,24.7,118,3.534
7.37,24.9,156,2.903
7.34,25,163,2.421
7.44,25.5,158,2.867
7.4,25.4,145,3.227
7.74,26.3,161,4.015
7.62,26.6,171,4.554
7.48,26.3,168,4.185
7.69,25.7,171,5.333
7.6,25.6,173,5.179
7.01,23,133,"<0,114"
6.94,23.8,129,"<0,114"
7.06,23.9,124,"<0,114"
7.29,23.6,103,"<0,114"
7.37,23.4,107,0.148
7.7,24.4,139,0.887
7.58,24.8,133,0.795
7.58,24.9,140,0.213
7.25,25.6,166,0.162
7.32,26.3,171,0.177
7.35,26.6,204,"<0,114"
7.35,27,218,"<0,114"
7.37,27,201,"<0,114"
7.32,26.9,227,"<0,114"
7.33,26.9,188,0.275
7.5,25.8,217,0.593
7.44,26,192,0.574
7.44,25.6,190,1.809
7.39,24,158,1.294
,6.45,28.4,0.00948
,6.48,27.9,0.00926
,6.73,29.5,0.0144
,6.95,31.9,0.0135
,6.9,29.8,0.0263
,6.82,39,0.0357
,6.7,41.2,0.0269
,6.76,43.6,0.0413
,6.79,45.4,0.048
,6.68,48.7,0.108
,6.71,58.7,0.0875
,6.78,54.4,0.0378
,6.81,65.2,0.0476
,6.86,64.3,0.0554
,6.72,74.9,0.0192
,7.01,83,0.0235
,6.88,70.8,0.0557
,6.89,74.7,0.0601
,6.92,68.8,0.0481
7.22,22.7,93.5,2.45
7.27,23.3,93.2,1.76
7.32,22.5,73.1,1.73
7.41,22.8,76.9,1.68
7.35,22.6,89.5,1.86
7.65,23.6,122,2.57
7.11,23.7,108,2.37
7.15,24,114,2.43
7.19,24.4,131,2.81
7.11,25.2,126,3.29
7.11,26.1,139,2.67
7.04,26.7,149,1.68
7.14,26.5,152,2.05
7.13,27.1,143,2.23
7.47,27.5,150,3.01
7.48,27.2,146,2.57
7.55,27.3,159,3.54
7.44,26.7,151,4.28
7.42,26.4,166,2.41
7.22,22.3,81.1,0.263
7.17,22.3,80.5,0.267
7.23,22.7,73.5,0.264
7.26,22.9,75.6,0.263
7.28,23.8,76.2,0.265
7.65,24.3,97.5,"<0,114"
7.04,24.2,103,"<0,114"
7.02,24.7,115,0.15
7.04,24.9,122,"<0,114"
7.01,25,126,"<0,114"
7.01,23.5,147,"<0,114"
7.05,25.5,158,"<0,114"
7.11,26.1,162,"<0,114"
7.14,26.2,159,"<0,114"
7.39,26.7,157,0.273
7.34,26.9,467,0.272
7.58,25.8,161,0.401
7.17,25.7,170,1.28
7.32,25.5,151,1.28
7.15,20.9,77.5,
7.15,21,77,
7.24,21.6,74.4,
7.22,21.9,71.1,
7.2,21.3,75.1,
7.18,22.3,79.1,
7.19,22.2,83.2,
7.3,22.3,93.2,
7.27,22.7,103,
7.32,22.7,109,
7.25,23.8,121,
7.24,23.4,129,
7.23,24.1,139,
7.21,24.5,211,
7.9,24.5,153,
7.81,23.9,173,
7.65,24.2,169,
7.58,23.5,152,
7.66,22.6,131,
6.86,20.9,61.8,0.223
6.72,20.9,61.8,0.222
6.77,21.3,58.7,0.173
6.79,20.9,61.2,0.566
6.87,21,64.2,0.446
6.75,21.3,76.5,1.27
6.92,21.4,77.7,2.5
7.02,22.1,140,1.9
6.67,22.1,92.6,1.94
6.78,22.2,83.6,1.88
7,22.6,95.3,1.8
6.87,22.5,102,2.81
6.85,23,105,2.62
6.9,23,110,2.07
7.4,23.6,107,2.09
7.14,22.9,124,1.9
7.1,23.2,127,2.37
7.12,22.8,136,2.88
7.3,22.5,137,2.13
6.84,21.3,66.2,0.123
6.86,22,65.9,0.13
7.04,22.1,64,0.129
7.09,22.4,66.8,"<0,114"
6.79,25,89.3,0.197
7.05,23,92.2,0.129
7.05,22.9,104,0.16
6.93,23,110,0.196
6.99,23.3,123,0.424
6.96,24,125,0.128
7.01,24.2,152,0.55
6.99,23.8,160,0.556
7.05,23.9,166,0.56
7.2,25.1,203,0.217
7.1,24.5,160,0.177
7.16,24.3,171,1.35
7.12,24.5,171,1.01
7.11,23.7,176,1.02
7.08,23.1,161,0.295
6.65,21.4,72.4,"<0,114"
6.61,21.6,71.3,"<0,114"
6.78,22.1,71.4,"<0,114"
7.01,22.3,77,"<0,114"
7.02,21.6,75.2,"<0,114"
7.07,22.4,86.6,0.168
7.11,22.6,87.6,"<0,114"
7.64,23.3,132,"<0,114"
7.2,23.6,108,0.12
7.07,24.9,113,0.125
7,25.1,141,0.62
7.03,25.1,163,0.642
7.09,25.3,171,"<0,114"
7.09,25.2,178,"<0,114"
7.27,25.7,177,"<0,114"
7.26,25.1,155,0.244
7.21,25.4,157,0.245
7.25,25.2,171,0.568
7.11,24.1,188,0.596
6.65,20.1,57.4,0.575
6.72,20.3,49.9,0.595
6.59,20.1,42.7,0.603
6.73,20.2,43.4,1.48
6.68,20.6,53.5,0.839
6.88,21.7,64.5,0.883
6.9,21.8,64.8,1.03
6.95,21.9,81.6,1.04
6.96,21.9,64.8,1.05
6.95,22.2,72,0.668
6.97,22.2,84.3,0.694
7.05,22,102,0.407
7.09,22.6,106,0.412
7.15,22.9,117,0.152
7.45,23.2,123,0.494
7.3,22.6,122,0.495
7.26,22.6,120,0.484
7.22,22.1,114,0.839
6.8,21.5,72.1,0.459
6.82,20.5,72.5,0.464
7.04,21.5,66,0.467
7.12,20.9,51.4,0.681
6.99,21,65.4,0.684
7.06,21.8,72.9,0.358
7.07,22.1,80,0.469
7.08,22.4,99.6,0.47
7.02,22.4,101,0.965
6.99,22.5,102,1.58
7.05,22.9,122,4.45
7,23,125,1.31
7.05,23.2,130,1.34
7.03,23.2,129,1
7.05,23.4,142,1
7.04,23.2,134,0.898
7.07,22.9,132,0.908
7.13,22.3,148,0.909
6.95,23.8,145,2.73
6.8,21.7,86.9,0.464
6.72,22,86.8,0.717
7.02,21.7,82.8,0.719
7.1,22.8,78.6,0.523
7.13,25.3,84.5,0.678
7.01,23.9,112,0.488
7.07,24.2,125,0.679
7.06,24.6,132,0.689
6.93,24.8,147,0.692
6.97,25,154,0.518
7,25.1,193,0.524
6.98,25.5,211,0.584
7.09,25.9,212,0.45
7.14,25.7,217,0.459
7.07,26.5,219,1.91
7.14,26.2,225,2.02
7.18,26.2,217,2.13
7.26,25.5,226,0.686
6.97,25.2,209,0.689
6.51,21.3,102,0.454
6.45,21.3,102,0.419
6.75,21.8,99.5,0.417
6.76,21.4,100,0.428
6.98,21.4,100,0.432
6.68,23.3,118,0.426
6.67,24.2,123,0.425
6.7,24.7,127,0.429
6.62,24.6,149,0.422
6.59,24.8,166,0.424
6.68,26.1,195,0.309
6.72,26.5,192,0.308
6.77,26.4,196,0.312
6.78,27.1,193,0.312
7.06,26.7,197,0.241
7.07,26.3,194,0.554
7.09,26.4,177,0.738
7.13,26.2,186,0.735
7.12,25.9,190,0.736
6.21,23,106,0.408
6.29,23.9,92.2,0.406
6.59,24,99.8,0.564
6.65,24.9,92.1,0.566
6.65,24.3,96.4,0.566
6.48,24.2,110,0.665
6.5,24.4,114,0.764
6.56,24.5,119,0.766
6.52,24.8,131,0.619
6.53,24.8,130,0.859
6.54,24.7,156,0.533
6.58,24.7,174,0.544
6.64,25.2,174,0.543
6.7,25,153,1.02
6.71,25.3,154,0.535
6.84,24.7,174,0.946
6.85,24.6,162,0.972
6.83,24.5,172,0.976
6.9,23.5,145,0.472
6.77,21.2,76.5,0.371
6.65,21.5,75.1,0.363
6.85,21.6,62.7,0.411
6.95,21.7,73.6,0.253
6.92,21.5,64.9,0.318
7.09,22.6,38.2,0.31
7.2,23.3,111,0.368
7.03,23.5,115,0.276
7.05,23.8,124,0.369
6.87,24.2,131,0.298
6.97,24.4,164,0.417
7.02,24.5,177,0.03
7.05,24.7,174,0.393
6.9,24.4,165,0.345
7.03,25.3,173,0.57
7.06,24.9,177,0.625
7.12,25.2,172,0.506
7.02,24.5,155,0.639
7.32,23.3,139,0.807
6.96,16,103,0.297
7.07,16.4,100,0.205
7.12,16,99.4,"<0,114"
7.15,18,97.5,0.501
7.31,18,95.6,0.377
6.92,24.1,106,0.264
6.91,23.7,110,0.485
6.75,23.9,139,0.863
6.84,24.2,137,0.213
6.79,24.5,148,0.196
6.82,25.7,160,0.237
6.95,25,174,0.165
6.87,25.1,179,0.186
6.94,24.9,171,"<0,114"
6.93,26.3,155,0.329
7,26,173,0.314
7.02,27.1,171,0.457
7.05,25.5,190,0.216
7.06,24.4,167,0.312
5.52,18,92.1,0.323
6.24,18,81.3,0.398
6.82,19,75.7,0.344
6.74,19,67.2,0.29
6.67,19,73,0.446
6.62,20,78.5,0.451
6.63,21,81.1,0.529
6.44,2.1,96.2,0.899
6.56,21,101,0.62
6.42,21,109,1.28
6.5,22,125,1.11
6.74,22,121,0.577
6.71,23,122,0.648
6.85,23,130,0.583
6.95,20,123,0.584
6.97,18,129,1.02
6.94,20,127,0.919
7.04,20,125,0.685
7.07,18,126,0.795
6.99,22,75.3,0.78
6.94,22.2,127,0.16
7.04,22.2,66.1,0.156
6.81,22.2,67.9,0.148
6.73,22.1,70.8,0.23
7.21,22,84.5,0.436
7.28,22,84.6,0.377
7.1,23,96.8,0.365
7.2,22,113,0.311
7.14,22,105,0.379
7.05,25,115,0.45
6.99,25,117,0.325
6.97,25,129,0.365
7.01,25,131,0.309
7.11,25.8,128,0.482
7.18,24.8,130,0.632
7.32,25,134,0.685
7.2,23.9,130,0.511
7.16,23.5,130,0.594
7.06,21.5,63.5,0.838
7.03,21.4,65.2,0.345
7.07,22.8,58,0.319
7.05,23.6,61.7,0.291
7.08,22.4,67.8,0.28
7.06,22.9,76,0.261
6.74,22.7,80.3,0.274
6.73,22.8,89.6,0.352
6.84,22.4,109,0.444
6.84,22.4,111,0.439
6.85,22.6,125,1
6.6,24,126,0.428
6.73,24.7,120,0.451
6.83,24.5,115,0.305
6.81,24.5,124,0.562
6.95,23.6,243,0.581
6.92,24,130,0.535
6.99,23.3,123,0.463
6.92,23.3,130,0.562
6.54,21,85.8,1.25
6.42,21.3,84,1.27
6.54,22,82.9,1.6
6.57,22.2,86.3,2.26
6.56,22.2,85.1,1.34
6.72,23.2,101,1.25
6.75,24.1,115,1.41
6.78,24.7,118,1.76
6.71,25,148,1.59
6.67,24.9,176,1.95
6.72,24.9,210,2.13
6.87,25.4,206,0.745
6.85,25.2,203,1.18
6.72,25.2,211,8.95
6.79,26.2,29.2,1.35
6.93,25.9,163,1.97
6.91,26,165,2.83
6.89,25.5,183,1.41
6.9,25.4,186,1.53
7.33,16,75.9,1.29
7.1,14,73.4,0.958
7.09,18,68.4,1.12
7.08,17,65,1.68
7.05,16,72,1.53
7.06,14,82.7,1.79
7.07,14,58.9,1.06
7.01,16,86.6,1.16
6.92,16,115,1.84
6.96,18,109,1.23
7.01,16,123,1.33
7.09,23,147,0.405
7.29,22.9,167,0.406
6.8,23.1,138,0.767
6.87,23.5,136,0.636
7.09,23.6,149,0.429
7.1,24.3,139,0.415
7.11,23.7,152,0.475
7.09,23.5,138,0.558
7.08,20,95.3,0.684
7.01,20,93.2,0.349
7.02,21,88.3,0.664
7.03,21,82.3,0.732
7.03,22,83,0.986
7.09,22,102,1.06
7.1,22,93,1.03
7.14,22,97.6,1.06
7.08,22,108,1.16
7.08,21,128,1.32
7.07,21,129,1.13
7.13,24.1,141,1.21
7.14,24.9,132,1.98
7.15,24.5,130,2.96
7.29,24.7,148,0.666
7.22,24.9,157,0.773
7.23,24.5,151,0.78
7.37,24.7,155,0.804
7.28,22.7,165,1.05
7.12,17,85.2,0.405
7.07,17,78.6,0.417
7.07,18,77.7,0.291
7.08,17,78,0.224
7.67,19,85.6,0.265
7.51,21,98.2,0.303
7.54,22,108,0.294
7.46,20,109,0.351
7.28,20,137,0.447
7.22,20,157,0.31
7.12,22,214,"<0,114"
7.18,23,181,"<0,114"
6.9,24,184,"<0,114"
7.23,24,181,0.225
7.25,24,186,"<0,114"
7.23,21,191,0.201
7.27,22,186,0.638
7.28,22,175,1.02
7.27,22,154,0.927
7.12,22,110,"<0,114"
7.04,22,106,"<0,114"
7.09,28,103,"<0,114"
7.08,26,102,"<0,114"
7.12,25,105,0.136
7.07,26,113,0.251
7.08,25,117,0.249
7.1,26,128,0.337
7.03,24,166,0.253
7,24,178,"<0,114"
6.96,24,203,"<0,114"
7.22,24,192,"<0,114"
7.23,24,198,"<0,114"
7.21,24,194,"<0,114"
7.26,22,206,"<0,114"
7.2,22,196,0.548
7.21,24,209,0.624
7.26,22,197,0.927
7.35,20,205,1.34
6.76,23.7,,
6.72,23.7,,
7.11,23.7,,
7.33,24.8,,
7.41,25.6,,
7.49,25.9,,
7.38,25.5,,
7.22,25.3,,
7.35,25.3,,
7.24,25.3,,
7.34,24.8,,
7.27,25.5,,
7.22,25.8,,
7.08,27.6,,
7.23,28,,
7.19,28.1,,
7.18,28.7,,
7.19,28,,
7.14,27.7,,
7.03,24.4,106,0.498
6.77,23.1,105,0.618
7.28,25.5,90.2,0.748
7.48,28.5,90.7,1.19
7.19,24.3,88.3,1.04
7.14,24.6,91.4,1.22
7.19,26.9,92.6,1.11
7.09,22.9,102,1.7
7.2,24.4,113,1.15
7.26,25.4,111,1.64
7.11,25.3,133,1.5
7.38,24.2,151,1.33
7.6,25.4,143,1.96
7.78,26,146,2.16
7.45,24.9,139,1.88
7.59,24.4,150,2.6
7.41,23.9,197,1.77
7.51,23.3,153,1.62
7.64,22.1,147,1.9
6.36,22.2,119,0.72
7.04,21.8,94.2,0.7
7.32,28.1,93.4,0.61
7.65,24.3,94.9,0.57
7.1,32.7,95.4,0.58
6.48,24.2,99.3,0.69
7.09,24.2,104,0.63
7.24,25,110,0.62
7.26,26.2,138,0.64
7.07,25.3,158,0.59
7.17,25.2,177,1.21
6.82,26.5,187,0.35
6.81,26.5,181,0.72
7.26,27.7,183,0.49
7.11,28.6,161,1.62
7.14,25,166,1.62
7.04,26.8,156,2.65
7.03,26.2,159,3.32
7.02,25.1,167,2.62
7.48,17,79,3.03
7.18,17.8,74,1.02
7.38,19.6,77.2,1.28
7.37,18.1,74,1.35
7.58,18,77.2,1.02
7.51,20,97,0.98
7.49,19.8,100,0.92
7.52,19.3,98.8,1.38
7.56,19.4,111,1.77
7.33,19.6,120,1.4
7.4,20.2,133,1.67
7.46,25.7,141,1.68
7.15,24.5,169,2.1
7.65,24.4,148,1.58
7.32,25.5,145,1.32
7.06,24.5,151,2.44
7.05,25.7,149,1.58
7.06,24.4,171,1.22
7.03,23.4,140,1.56
7.41,20.8,65.1,1.1
7.4,21,64.4,2.35
7.37,20.7,60.4,0.5
7.54,21.5,98.4,0.61
7.68,22.3,64.1,1.77
7.45,22.6,1706,1.18
7.7,23,92.6,0.82
7.79,22.2,589,1.58
7.7,22.7,96,1.64
7.38,21.9,119,1.63
7.7,23.1,136,0.95
7.11,18.2,139,2.81
7.33,19,165,1.71
7.39,18,160,1.02
6.96,20,150,2.17
7.4,18,140,2.68
7.45,18,135,1.92
7.37,18.1,137,4.01
7.24,18,134,3.64
7.04,18.5,80,0.51
7.16,18.2,70.7,0.33
7.51,18,68.7,"<0,0670"
7.51,18,68,0.36
7.71,18,72.3,0.4
6.55,18.5,98.7,0.415
7.12,18,101,0.48
7.08,18.5,100,0.405
7.19,18.4,112,0.505
7.04,19,121,0.395
7.18,20,148,0.395
7.79,22,142,0.455
7.5,23,177,0.48
7.71,23,171,0.875
7.59,24,182,0.54
7.36,23,192,0.73
7.47,23,183,0.7
7.47,23,189,0.75
7.55,22,166,0.355
6.74,21,114,"<0,0921"
6.85,21.4,114,"<0,0921"
6.65,22,108,"<0,0921"
6.63,21.5,94.2,0.13
6.92,21.3,108,0.26
6.99,22,122,0.66
6.92,22,140,0.54
7.13,21.4,169,0.5
6.96,21,143,0.57
7.09,21.2,161,0.63
7.08,20.7,200,2.83
6.85,21,205,0.53
7.36,22,210,0.25
7.05,22,198,0.65
7.38,21,195,0.85
7.15,21,196,4.7
7.12,22,201,3.91
7.5,22,193,2.48
7.35,22,191,3.57
7.28,23,74.3,0.52
7.38,23,71.2,0.49
7.39,23,88.8,0.43
7.4,23,69.4,0.48
7.57,26,69.7,0.47
7.4,26,86.3,"<0,230"
7.37,25,87.6,0.44
7.43,24,93.8,0.6
7.53,23,93.4,0.58
7.48,23,98.3,0.59
7.46,23,109,0.51
6.8,24.2,113,0.55
7.16,24.3,123,0.67
7,24.9,114,0.68
6.9,24.7,124,0.8
7.13,24.4,145,0.87
7.03,24.9,141,1.01
7.03,24.4,144,1.27
7.13,24.2,143,1.55
6.95,20.6,77.7,1.07
7.06,19,80.2,0.581
7.48,22.5,73.7,0.439
7.53,22.5,77,0.47
7.45,23,82.8,0.5
7.45,22,102,0.519
7.36,22,109,1.01
7.31,23,106,0.659
7.25,23,124,"<0,0519"
7.24,22,135,0.781
7.22,20,150,0.636
7.29,24,145,0.311
7.37,24,167,0.454
7.35,24.5,172,0.38
7.33,25,172,0.529
7.3,25.5,168,0.774
7.26,25.5,174,0.884
7.3,25,176,1.05
7.27,24,163,0.878
6.61,22,89.1,0.496
7.23,22,91.1,0.459
7.21,22,87.4,0.531
7.9,25,88.9,0.514
7.49,21.5,88.2,0.435
7.81,24,101,0.401
7.38,23.5,133,0.431
7.51,23.5,122,0.471
7.38,23.5,140,0.413
7.36,24,152,0.34
7.36,23.5,164,0.406
7.21,23.1,172,0.531
7.38,23.3,200,0.577
7.3,22.7,174,0.474
7.33,23.5,181,0.573
7.46,23.3,189,1.02
7.42,23.5,190,1.05
7.43,20.9,187,1.41
7.41,20.4,191,1.51
,,,
,,,
,,,
7.83,22.6,70.3,0.727
7.88,22.7,92.5,0.178
6.21,25,101,0.198
6.39,25,131,0.162
6.16,25,122,0.143
6.58,24,132,0.132
6.49,26,142,0.143
6.33,26,136,0.167
6.48,26,157,0.19
6.67,26,176,0.184
6.43,26,151,0.19
7.47,24,152,1.54
7.29,23,152,1.04
7.35,22,149,1.33
7.35,23,155,1.52
7.56,23,126,1.85
7.06,22,69.3,0.566
7.36,22,70.1,0.552
7.24,22,65.9,0.518
7.31,22,64.4,0.564
7.33,22,70.1,0.557
7.64,22,81.5,0.464
6.85,22,85.4,0.649
7.55,22,86.9,0.735
7.5,23,97.8,0.675
7.42,22,104,0.647
7.24,23,114,0.635
7.34,23,121,0.653
7.18,23,130,0.695
7.29,23,128,0.678
7.47,25.4,125,1.16
7.48,26.1,123,1.21
7.52,25.4,135,0.861
7.49,27,125,1.25
6.87,24.6,143,0.905
6.35,20,85.1,0.66
6.25,20,85.4,0.39
7.08,20,83.9,0.26
6.86,22,81.9,0.25
6.96,22,83.9,0.78
7.17,16,101,0.315
7.06,16,104,0.396
7.05,18,108,0.626
7.02,18,125,0.41
7.05,19,133,0.35
6.94,19,149,0.32
7.03,20,153,0.27
7.08,20,174,0.33
7.04,20,166,0.29
7.28,25,166,0.41
7.62,26,176,0.43
7.26,26,184,0.63
7.42,25,189,0.76
7.41,26,199,1.16
6.7,23.5,144,"<0,0520"
6.72,23.5,184,"<0,0520"
7.06,23.5,111,0.572
7.16,23.6,145,0.247
7.28,22.3,110,0.68
7.87,24,124,1.09
7.64,23,130,0.709
7.66,24,135,0.816
7.78,25,150,1.68
7.33,26,155,1.09
7.03,26,184,1.4
7.05,27,202,0.348
7.16,26,205,1.46
7.16,26,186,0.678
7.45,25.1,171,1.87
7.48,23.8,180,1.48
7.34,24.3,171,2.02
7.44,24.3,174,1.28
7.55,23.5,159,1.27
7.07,25.5,112,0.346
7.12,24.3,87,0.355
7.34,24.7,92.8,0.334
7.38,25.7,81.6,0.382
7.31,25.4,82.2,0.379
7.33,25.6,87.5,0.42
7.28,24.9,88.3,0.422
7.25,24.6,92.8,0.485
7.16,24.6,108,0.43
6.98,24.1,143,0.438
6.83,25,121,0.429
6.94,23,120,0.434
6.98,23,147,0.509
7.02,23,129,0.5
7.05,23,167,0.6
6.92,24,137,0.784
7.03,23,129,0.957
7.06,23,136,1.05
6.94,20,171,0.966
7.53,27,102,"< 0,171"
7.38,25,99.9,"< 0,171"
7.5,26,122,"< 0,171"
7.58,26,92.3,"< 0,171"
7.5,26.6,129,0.284
7.21,23.8,105,0.31
7.43,24.2,145,0.315
7.14,24.4,110,0.36
7.11,24.7,130,0.33
7.08,25.5,133,0.407
7,25.3,144,0.333
7.02,25.7,155,0.299
7.08,26.2,147,0.382
7.11,26.2,147,0.385
7.25,28,140,0.526
7.22,25.5,148,0.516
7.25,25.1,135,0.855
7.28,24.8,137,0.816
7.45,24.7,127,0.972
7.44,23,65.1,0.316
7.41,23,64.1,0.305
7.71,23,59.6,0.292
7.75,23,60.7,0.291
7.84,23,62.9,0.31
7.54,22,79.1,0.316
7.49,22,86.4,0.344
7.21,22,97.9,0.313
7.3,21,102,0.352
7.14,21,101,0.383
7.33,22,114,0.42
7.49,22.5,125,0.391
7.51,22.3,162,0.856
7.44,21.8,151,0.559
7.6,22.2,233,0.247
7.4,20.3,125,0.302
7.43,21.2,129,0.459
7.32,20.5,144,0.602
5.32,22.2,126,0.479
6.77,21.2,94.8,0.358
6.71,21.5,88.4,0.351
6.88,21.9,86.4,0.337
6.88,22.4,86.5,0.344
7.24,24.1,89.4,0.355
7.2,28,110,0.368
7.24,23.8,97.9,0.355
7.16,23.9,103,0.372
6.41,23,114,0.379
6.96,24,116,0.384
6.96,23.7,131,0.387
7.48,24,131,0.39
7.34,24,144,"<0,202"
7.32,26,141,0.475
7.26,26,145,0.532
7.4,25,151,0.627
7.28,25,159,0.658
7.28,23,148,0.741
7.54,19,153,0.868
6.78,21.2,55,4.30E+02
687,218,687,2.30E+02
6.73,20.9,69.8,9.00E+02
6.67,20.9,556,9.30E+02
69,221,666,1.50E+03
6.72,21.2,71.9,9.00E+01
6.74,21.2,516,9.00E+02
74,23,620,9.30E+03
6.96,22,69,4.30E+02
6.75,21.6,531,9.00E+02
705,23,562,1.50E+04
6.97,22.7,70,9.30E+03
6.71,21.4,586,1.50E+03
728,223,600,2.40E+03
7.11,22.8,79.8,2.40E+04
6.87,21.6,134,1.50E+04
737,226,679,1.50E+04
7.31,22.9,81.9,4.30E+03
6.86,21.5,73,2.40E+04
72,223,76,4.30E+04
7.12,23.2,89.9,4.30E+03
6.94,21,692,4.30E+04
72,202,788,4.00E+04
7.1,22.5,95.3,9.30E+04
6.89,20.9,77,2.30E+05
712,219,875,1.50E+06
7.15,22.3,112,1.50E+08
6.91,20.9,784,9.00E+04
716,213,103,2.40E+06
7.1,22.8,113,4.30E+04
6.96,20.7,93,9.30E+04
729,218,107,5.00E+06
6.98,23.1,124,9.30E+06
7.51,19,107,2.30E+04
737,22,123,5.00E+07
7.14,24.6,115,4.30E+06
7.58,19,138,1.50E+03
726,22,119,1.50E+05
7.13,24.8,112,9.30E+04
6.49,19,108,7.30E+04
707,217,114,7.50E+05
6.9,24.5,114,4.30E+04
6.7,20,112,2.40E+04
678,221,123,1.50E+04
7.18,25.2,120,2.40E+04
6.53,20,134,4.30E+03
716,215,124,4.30E+05
7.16,24.5,129,1.50E+05
6.52,20,133,7.50E+03
71,218,147,7.30E+03
7.18,23.8,127,2.40E+04
6.57,19,135,2.30E+03
714,218,139,4.30E+03
7.19,22.7,139,4.30E+03
6.64,22.6,139,9.00E+04
688,218,138,9.30E+03
7.21,23.7,136,9.30E+04
